first_pokemon,second_pokemon,winner
266,298,298
702,701,701
191,668,668
237,683,683
151,231,151
657,752,657
192,134,134
73,545,545
220,763,763
302,31,31
442,130,130
701,624,701
15,283,283
151,87,151
269,462,269
763,448,448
143,263,263
365,240,240
499,774,499
563,578,563
440,687,687
373,441,441
654,671,671
121,355,121
609,649,649
270,708,270
460,568,568
626,767,767
139,451,139
694,747,694
455,549,549
181,301,301
208,184,184
536,365,536
260,381,381
471,269,269
621,287,287
406,134,406
592,503,503
564,242,242
579,242,242
200,719,200
376,135,376
76,441,441
667,645,645
475,400,475
3,737,737
435,45,435
231,146,146
510,715,715
456,260,260
164,751,751
424,754,424
258,779,258
360,208,208
723,646,646
384,533,533
734,673,673
141,721,141
244,741,244
509,217,509
633,44,633
595,719,595
606,40,606
368,598,368
746,584,746
350,187,350
303,198,303
169,701,701
569,115,115
231,172,172
71,440,71
659,610,610
570,557,557
712,40,712
451,352,451
661,95,95
540,4,540
130,319,130
125,418,418
309,276,276
579,612,612
716,80,80
482,535,535
376,37,37
6,328,328
343,159,159
509,574,574
546,530,546
486,229,229
686,213,213
304,386,386
514,732,732
161,757,161
150,265,265
436,701,701
221,265,265
436,603,603
242,365,242
792,251,792
607,295,607
439,209,209
657,360,657
436,40,40
325,408,408
472,89,472
71,777,71
47,615,47
5,670,5
793,314,314
195,461,195
493,568,493
400,341,341
63,297,63
541,446,541
141,152,141
54,115,115
378,161,161
224,316,316
311,398,398
298,35,298
356,132,356
103,370,103
503,453,503
600,598,600
445,45,445
360,548,548
303,133,133
51,331,51
171,559,171
758,129,758
6,255,6
698,154,154
92,491,491
381,73,381
354,271,271
219,49,219
736,244,244
683,245,245
533,452,533
200,588,588
403,636,403
56,561,561
54,119,119
629,141,629
547,779,547
380,547,547
407,307,307
153,559,153
306,268,306
89,382,89
54,32,32
172,745,745
16,110,110
537,734,537
278,94,278
342,643,643
435,165,165
638,691,691
734,718,718
298,781,298
42,113,42
97,316,97
416,397,397
483,400,483
275,155,155
154,461,154
309,4,4
539,30,30
545,266,545
283,340,340
232,254,254
384,427,427
161,781,161
496,420,496
268,159,159
473,593,473
550,475,550
199,785,785
385,732,732
488,196,488
30,587,30
36,494,494
513,184,184
129,106,129
6,604,6
137,315,137
83,509,509
585,534,585
743,57,57
220,723,723
764,665,764
708,439,708
28,545,545
23,796,23
698,147,147
306,635,635
158,666,158
55,750,750
513,439,513
769,264,264
232,499,499
23,623,23
97,250,250
324,544,544
517,10,517
586,461,461
779,349,349
669,226,226
623,53,623
538,718,718
438,242,438
523,759,523
14,103,103
378,152,152
478,361,478
137,698,137
354,739,739
233,684,684
291,605,291
96,264,264
730,137,137
129,744,129
611,107,611
58,560,560
658,146,658
625,753,625
524,27,524
794,474,794
365,391,391
592,585,592
512,586,512
526,424,424
70,456,70
540,288,540
347,389,347
689,128,128
211,701,701
336,385,336
594,80,80
785,490,490
425,308,425
27,731,731
459,399,459
421,494,421
578,768,768
63,82,63
257,221,257
4,150,4
546,333,546
308,544,544
213,442,213
575,302,302
209,645,209
92,768,92
116,672,116
132,69,69
568,396,568
644,218,644
321,163,163
17,164,164
715,190,715
51,57,51
237,448,448
580,676,580
789,726,726
420,718,420
83,499,499
526,159,159
115,56,56
358,636,358
54,532,532
534,798,534
768,179,768
94,724,724
795,437,795
313,432,432
305,251,305
269,289,269
593,733,733
568,428,428
290,287,287
762,733,762
217,100,100
668,87,668
165,49,165
123,771,771
261,154,154
225,640,640
313,103,103
106,505,505
453,614,614
107,48,48
722,590,590
559,431,431
141,727,727
490,239,490
490,340,340
373,128,128
3,730,3
502,91,502
714,104,714
788,276,276
459,16,16
432,143,432
724,2,724
648,533,648
250,357,250
155,439,155
447,20,20
366,371,366
337,770,337
358,765,358
198,110,198
152,760,760
164,577,164
174,646,646
438,59,59
614,443,614
789,127,127
504,421,421
565,214,214
158,635,635
386,21,21
408,404,404
349,440,349
410,295,410
83,569,569
249,411,249
173,609,173
770,572,572
51,473,473
452,106,106
550,769,550
525,740,525
464,762,762
147,798,798
572,45,572
569,741,569
193,28,28
247,445,247
511,280,280
435,44,44
794,359,794
196,758,758
470,410,410
631,164,164
451,790,451
211,442,442
773,582,773
403,59,59
401,413,413
228,679,679
753,196,196
578,434,434
210,40,40
38,716,716
18,458,458
538,742,538
702,627,702
403,412,403
517,136,136
465,89,465
505,502,505
601,644,644
459,84,84
548,525,525
707,521,521
14,62,62
728,501,728
182,246,246
741,117,741
29,431,431
719,574,574
209,477,477
492,37,37
425,43,425
207,284,284
749,512,512
539,153,153
152,159,159
738,18,738
182,579,579
69,302,69
173,713,713
488,199,488
683,506,683
2,619,2
735,255,735
70,800,70
120,67,67
738,610,610
68,397,397
540,714,540
184,197,184
577,58,58
750,29,29
391,640,391
211,737,211
462,694,694
337,147,147
459,644,644
615,652,615
786,180,786
247,594,594
536,720,536
729,586,586
715,80,715
516,740,516
440,525,525
174,410,410
634,424,424
252,797,797
317,294,317
463,790,790
770,7,7
110,783,110
454,469,469
241,731,241
688,190,688
271,21,271
738,789,738
476,223,476
574,283,574
621,551,551
723,617,723
1,679,679
595,131,595
433,339,339
247,452,247
19,709,709
410,278,410
103,142,103
37,337,337
453,29,453
73,113,113
374,87,374
634,784,784
681,790,681
181,765,181
584,498,498
586,590,590
732,1,732
478,524,478
734,19,19
634,348,634
567,755,567
354,82,354
417,783,417
420,85,420
610,215,610
350,160,350
122,588,588
159,77,159
398,598,398
300,704,704
508,293,508
763,685,685
428,203,428
509,199,509
106,592,106
550,394,550
310,48,48
80,314,314
463,203,463
484,9,9
700,49,700
437,533,533
73,485,73
627,314,314
216,657,216
126,617,126
632,707,707
692,331,692
11,309,309
483,22,483
665,170,170
540,337,540
39,299,299
761,762,762
441,1,441
434,137,137
700,433,700
52,379,379
158,171,158
769,374,769
789,690,690
393,255,255
307,741,307
528,492,528
212,24,24
99,173,99
58,253,58
226,289,226
365,609,365
409,532,409
647,294,647
15,756,756
196,774,196
265,68,265
564,749,749
750,248,248
142,107,142
427,404,427
454,302,302
323,574,574
262,67,67
710,434,710
291,666,291
233,445,233
126,494,494
252,108,108
69,212,212
120,342,120
224,173,173
695,94,94
672,355,672
409,254,409
195,607,607
528,327,327
127,81,127
698,336,336
422,705,705
432,397,432
409,376,409
582,424,424
521,268,521
304,708,708
385,492,492
560,70,560
545,149,149
68,362,362
672,732,732
632,14,632
641,341,341
365,428,428
594,425,425
764,529,764
397,161,397
111,670,670
219,738,219
408,647,647
516,107,107
622,736,736
212,128,212
685,648,648
406,420,420
501,689,689
533,211,533
413,580,413
74,277,277
460,713,713
450,8,8
376,196,196
292,510,510
282,186,282
384,699,699
295,741,741
346,790,346
269,187,269
45,323,323
89,778,778
151,238,151
774,667,774
266,301,301
602,375,375
31,490,490
92,182,92
588,390,588
476,434,476
360,426,426
101,21,21
267,182,267
245,72,72
10,17,17
110,425,425
244,177,177
209,465,465
778,760,778
192,721,192
340,110,110
555,443,443
538,82,538
123,434,123
597,627,597
409,56,409
458,301,301
65,644,65
584,319,319
262,210,210
116,492,116
75,480,480
38,302,302
750,656,656
453,174,453
375,509,375
791,203,791
617,266,617
480,541,541
425,750,425
325,276,276
385,157,157
331,648,648
566,34,34
86,502,502
214,435,214
551,778,551
300,354,300
438,630,438
209,397,209
582,666,582
52,780,780
492,417,417
519,581,581
11,771,771
725,340,340
286,313,313
79,633,633
435,83,435
565,55,55
313,754,313
247,685,247
698,215,698
76,567,567
451,21,451
132,473,132
500,215,500
4,13,4
111,188,111
39,519,519
129,303,129
306,39,306
752,595,595
699,458,699
708,456,708
102,304,102
399,239,239
37,13,13
498,282,498
649,489,649
535,189,535
147,189,147
107,32,32
688,350,350
559,540,540
28,44,44
277,168,168
285,328,328
650,652,650
638,393,393
365,233,233
215,290,215
576,231,576
335,333,335
79,392,79
181,41,181
136,546,136
208,685,685
634,480,480
481,690,481
262,47,47
87,59,59
637,695,695
712,74,712
696,274,274
485,101,101
484,661,661
721,631,631
354,257,257
485,605,605
27,798,798
604,131,131
336,532,532
298,179,179
297,394,394
260,358,260
429,475,429
546,416,546
174,224,174
65,173,65
793,247,793
530,437,437
154,650,154
627,150,150
47,334,334
146,660,660
348,105,348
712,575,712
602,728,728
523,461,523
347,526,526
579,373,579
2,214,214
10,596,596
531,762,531
430,516,430
305,400,305
158,258,158
528,38,528
54,600,600
424,728,424
232,333,232
162,114,162
59,118,59
632,742,742
488,708,708
180,690,690
129,423,423
162,439,162
592,267,267
727,219,727
707,764,707
537,525,537
798,672,672
6,47,6
421,225,421
703,732,732
743,248,248
773,454,773
286,680,286
541,302,541
210,686,686
503,62,503
423,734,423
280,524,280
116,681,116
365,680,680
330,664,664
462,463,463
242,325,242
131,340,340
713,794,794
234,667,234
270,772,772
200,393,393
181,351,181
546,350,350
665,39,39
475,402,475
383,722,383
401,580,580
123,609,123
502,123,502
98,537,537
565,716,716
512,100,512
240,93,93
646,468,646
89,470,89
438,284,438
125,31,125
570,222,570
350,512,512
643,42,643
560,316,316
715,343,715
126,622,126
278,184,184
604,130,130
558,573,573
411,220,411
132,181,132
592,748,748
709,260,709
515,598,598
576,530,576
512,205,512
268,458,268
633,113,633
368,101,101
371,61,61
248,339,339
256,30,30
691,593,691
118,349,349
216,30,216
540,545,540
664,13,13
292,52,52
120,256,256
178,456,178
148,343,343
693,68,68
547,719,547
93,738,93
664,398,398
347,589,589
222,568,568
349,425,349
166,559,166
50,306,306
361,716,716
226,509,226
2,594,2
50,134,134
459,111,111
667,96,667
260,215,215
380,694,694
496,485,496
310,153,153
349,663,349
516,130,516
783,681,783
657,355,355
549,100,549
462,690,690
112,465,465
117,370,370
549,54,549
478,593,478
497,280,280
766,591,766
677,17,677
251,259,251
53,494,494
746,494,494
475,723,475
305,238,305
288,524,288
751,45,751
291,470,291
154,325,154
638,359,638
604,233,233
19,369,19
526,203,526
129,695,129
215,719,719
518,118,518
127,287,127
559,214,214
762,86,762
557,501,557
282,605,282
307,149,307
425,390,425
612,731,731
387,311,311
143,116,116
340,268,340
14,162,162
570,492,570
549,127,549
484,212,212
524,222,524
400,151,151
375,255,255
738,176,738
116,490,490
2,394,394
369,505,505
283,254,254
545,241,545
49,268,268
522,177,522
699,225,225
160,398,398
579,691,691
337,494,494
465,536,465
768,738,768
541,233,541
462,259,259
569,796,569
145,148,148
306,290,306
581,549,549
81,70,81
179,517,179
147,629,147
274,302,274
621,271,271
669,318,318
533,754,533
487,527,527
385,160,160
49,636,636
793,372,793
93,477,477
572,353,572
422,132,132
296,599,296
771,323,771
385,323,385
523,519,519
390,747,747
698,98,698
472,295,472
667,797,797
643,620,643
450,700,700
583,450,583
247,7,7
614,638,614
15,182,182
624,68,68
281,716,716
167,761,167
157,141,157
175,697,697
791,85,85
54,214,214
50,406,50
585,463,585
675,343,343
369,392,392
30,198,30
406,403,403
627,173,173
671,395,671
359,657,657
117,707,707
654,164,654
86,377,86
699,454,699
440,615,615
406,542,542
604,142,142
231,209,209
441,337,337
116,790,116
305,752,752
40,226,40
514,602,514
629,74,629
217,628,628
261,24,24
613,189,613
597,386,597
555,682,682
165,515,165
766,395,766
493,378,493
339,460,339
47,711,711
619,451,451
105,599,599
692,126,692
74,693,693
45,315,315
596,770,596
595,392,392
102,54,102
742,666,742
343,407,343
438,604,438
111,294,111
468,342,342
528,794,794
513,461,513
424,604,424
383,536,536
56,795,795
292,246,246
593,332,332
352,697,697
520,184,184
504,426,426
21,602,21
343,622,343
224,228,228
160,354,160
490,24,24
158,274,158
713,331,713
414,518,414
141,538,538
713,218,713
273,765,765
97,701,701
603,452,603
514,640,514
542,615,542
63,399,63
676,142,142
274,615,615
792,498,792
586,751,751
495,489,495
280,83,280
291,54,291
73,415,415
531,659,531
230,674,674
455,531,531
662,382,662
464,751,751
572,102,102
213,232,232
591,100,100
470,258,258
720,243,720
381,783,783
157,525,157
1,687,687
376,301,301
665,567,567
790,124,124
356,436,436
715,442,715
415,732,415
216,195,216
520,700,700
191,116,116
227,573,573
83,742,742
661,366,366
767,15,767
567,217,567
276,619,276
371,31,31
163,470,163
696,576,576
163,132,163
496,319,496
676,614,614
164,141,164
639,562,562
138,233,138
283,413,413
227,32,32
606,360,606
429,375,429
286,21,286
800,422,422
498,199,498
214,380,214
679,94,679
602,150,602
163,675,163
684,467,467
368,376,368
137,153,137
744,248,248
283,336,336
282,288,288
710,646,710
713,250,713
654,56,56
1,557,557
543,762,543
130,341,341
65,523,65
175,563,175
157,25,157
308,110,110
107,213,213
150,717,717
5,117,5
173,576,576
296,412,296
749,682,682
285,44,44
494,384,494
31,692,31
657,402,657
483,678,483
372,607,607
734,724,724
268,441,268
192,21,192
62,576,576
369,447,369
344,323,344
299,410,410
689,137,137
426,83,426
4,307,307
54,460,54
717,177,717
118,739,739
350,4,350
325,299,299
327,406,406
491,642,642
763,490,490
694,565,694
199,231,199
16,55,55
451,598,598
52,6,6
788,428,428
484,451,484
101,518,518
249,797,249
670,131,131
715,73,715
789,156,156
350,749,350
551,772,772
368,344,368
232,405,232
421,156,421
103,465,103
581,299,581
743,421,421
171,455,455
142,562,142
656,37,37
680,721,721
362,528,528
453,561,453
344,173,344
526,701,701
525,81,525
365,244,244
295,290,295
307,113,307
595,401,401
549,600,549
243,197,197
703,426,703
587,461,461
82,278,278
583,545,583
420,394,394
131,513,513
375,505,505
209,115,209
215,601,601
503,662,662
157,79,157
197,799,799
501,690,690
148,106,106
671,718,718
639,278,278
334,778,778
211,494,494
760,396,760
565,616,616
716,296,716
4,794,794
785,218,785
445,764,764
317,102,102
262,787,787
2,705,705
410,209,410
597,682,682
737,701,701
305,160,160
638,310,638
63,428,428
676,353,676
454,55,55
390,439,439
315,115,115
364,302,364
797,113,797
513,162,513
194,763,763
10,158,158
754,434,434
230,61,61
692,211,692
239,41,239
130,226,226
254,157,157
675,411,675
303,569,569
461,563,563
567,362,362
547,675,547
184,53,184
50,462,462
658,226,658
296,337,337
431,169,431
558,428,428
457,266,266
71,196,71
654,735,735
104,190,104
487,376,376
543,631,543
759,70,70
72,182,72
367,124,124
439,523,523
795,364,795
107,711,711
255,298,255
68,621,68
245,372,245
800,176,800
498,134,134
69,368,368
103,381,103
29,217,29
695,359,359
65,425,65
125,216,216
472,456,472
366,264,264
334,267,267
165,486,165
440,424,424
366,707,707
333,221,333
711,174,711
726,775,726
164,157,164
478,87,478
609,557,557
424,340,424
760,764,760
678,372,372
328,39,39
250,692,250
389,202,202
791,771,771
635,697,635
503,607,503
437,5,437
343,449,343
423,141,423
703,99,703
559,280,280
532,340,340
364,765,765
590,141,590
326,717,717
289,188,289
538,52,538
528,549,528
563,202,202
642,393,393
167,522,522
127,352,127
649,452,649
175,292,175
651,313,651
750,757,757
159,409,409
744,529,744
64,153,153
654,164,654
773,708,773
6,418,418
581,409,409
92,331,331
266,304,266
704,181,704
344,156,156
717,440,717
82,96,82
309,730,730
91,351,351
683,346,683
168,403,168
627,611,611
323,537,537
160,205,205
448,204,204
124,105,124
524,321,524
601,699,699
283,226,283
294,305,305
489,498,498
572,265,572
28,548,28
249,641,249
780,288,288
786,611,786
155,511,155
707,224,707
230,139,139
468,551,551
24,57,24
583,614,614
490,542,542
615,34,34
654,356,356
759,443,443
687,406,687
647,747,747
546,181,546
560,600,600
631,432,432
449,694,694
501,453,453
679,309,679
647,567,647
642,604,604
585,757,757
401,557,557
707,777,707
10,88,10
460,579,579
216,472,472
683,160,160
595,681,681
482,580,580
789,179,179
155,320,155
226,103,103
529,2,2
232,72,232
216,508,508
645,417,645
409,110,110
133,576,133
631,616,616
549,159,549
428,357,428
759,402,759
627,473,627
403,345,345
107,652,107
492,216,216
208,689,689
8,656,8
735,726,726
559,277,559
50,470,50
568,355,568
44,15,44
491,411,491
658,760,658
512,476,512
310,138,138
708,760,708
512,745,745
495,162,162
730,532,532
189,35,35
437,607,437
669,302,302
344,152,344
156,791,156
565,38,565
344,329,344
632,505,505
130,581,581
717,722,717
649,303,649
367,180,367
640,20,20
168,277,168
691,710,710
16,39,16
682,335,682
508,164,164
253,449,253
16,352,16
786,795,786
776,232,232
233,571,233
125,558,125
444,651,444
765,576,576
453,234,234
18,626,626
734,400,400
635,86,635
619,97,619
218,519,519
219,660,660
179,588,588
485,609,609
326,259,259
359,525,525
403,677,677
637,113,637
476,337,476
513,781,513
384,664,384
219,74,219
685,139,139
132,174,132
131,758,131
299,341,341
279,535,535
395,567,567
132,194,132
444,285,444
510,136,136
564,703,703
216,101,101
764,51,764
85,267,85
364,357,357
399,538,538
571,729,729
574,217,574
469,36,469
138,485,138
448,242,242
149,48,48
741,121,741
602,28,28
707,304,707
511,667,511
310,469,469
198,231,198
95,446,446
292,682,682
286,326,326
713,523,713
481,549,481
713,741,713
243,377,377
202,502,202
333,58,333
54,244,244
721,738,721
587,57,57
398,392,398
455,564,455
526,383,526
418,767,418
748,640,748
670,13,13
563,276,276
756,569,756
455,521,521
52,565,565
740,81,740
488,288,288
440,439,440
251,170,170
788,298,298
743,245,245
181,711,711
700,466,700
535,192,535
323,215,215
413,578,413
350,238,350
573,58,58
665,100,665
603,422,603
38,408,408
210,799,799
138,539,138
477,117,477
309,497,497
137,223,223
34,526,526
243,728,728
466,375,466
777,216,216
723,726,726
1,766,766
668,560,560
361,478,478
607,343,343
600,676,600
424,736,424
462,169,169
447,374,374
403,249,249
449,517,517
645,461,645
615,590,590
251,539,539
56,138,138
423,383,423
467,506,467
583,100,583
263,330,263
400,214,214
662,115,115
56,656,656
559,342,559
552,382,552
799,701,701
774,694,694
649,17,649
330,486,330
216,584,216
746,265,265
779,467,467
59,797,59
298,324,298
720,669,720
718,675,718
542,172,172
338,492,338
125,186,125
557,795,557
281,790,281
518,776,518
428,393,428
734,26,26
114,228,228
306,477,477
770,554,554
520,371,520
579,679,679
726,48,726
43,30,30
14,612,612
23,2,23
762,104,104
386,559,559
230,120,230
670,174,174
788,586,788
216,420,420
432,484,432
397,306,306
226,126,126
457,601,601
369,63,63
388,123,388
21,518,518
656,382,656
217,250,250
707,179,707
702,456,702
240,557,557
62,154,154
84,77,84
622,741,622
158,565,158
158,651,651
168,654,654
527,237,527
38,296,296
211,17,211
251,220,251
625,280,280
113,599,599
53,330,330
778,501,778
134,234,234
172,777,172
15,253,253
108,577,108
614,352,614
2,597,597
143,459,143
626,304,626
316,141,316
328,625,625
282,535,535
674,172,172
29,113,29
182,391,391
752,357,357
174,621,174
391,102,102
721,420,420
239,191,191
123,729,729
642,9,9
65,174,65
417,708,708
94,636,636
659,769,659
784,601,601
113,541,541
706,418,418
23,635,635
151,126,126
44,304,44
280,494,494
323,391,391
299,324,299
182,126,126
780,80,80
255,130,130
195,711,711
725,729,729
794,295,794
486,683,683
416,465,465
175,68,175
678,318,318
76,451,451
728,276,276
624,562,562
111,193,193
216,128,216
153,394,394
291,656,656
639,609,609
705,738,705
219,269,269
534,40,534
290,192,192
546,179,179
497,416,497
480,427,427
521,636,521
109,389,109
76,214,214
242,584,242
106,31,31
358,86,358
152,162,162
714,206,714
404,508,508
223,696,223
385,55,55
54,626,54
370,522,522
434,487,434
450,607,607
505,289,505
610,725,610
55,91,55
536,664,536
784,743,784
485,614,614
221,266,266
540,498,540
474,286,474
15,311,311
635,231,635
712,422,712
177,24,24
494,428,494
504,97,97
648,798,648
767,789,767
291,367,367
658,266,266
564,343,343
688,627,688
243,51,51
2,560,560
447,176,447
357,429,429
581,279,581
515,87,515
147,278,147
375,677,677
162,524,524
197,333,333
738,498,498
160,199,160
642,564,642
122,570,570
501,370,370
83,412,412
292,122,292
654,459,654
453,305,453
171,258,171
31,547,31
321,453,453
58,134,134
535,158,158
207,50,50
443,623,623
165,688,165
564,791,791
605,716,716
534,268,534
454,87,454
283,305,283
784,246,246
737,730,737
767,171,171
681,484,484
677,739,677
290,601,601
658,82,82
661,283,283
778,619,778
155,378,155
703,619,703
488,687,687
27,325,27
681,646,646
701,137,701
143,42,42
218,238,218
314,673,314
271,229,271
193,210,193
303,261,261
246,592,246
570,24,24
463,4,4
335,743,335
405,232,232
349,659,349
71,16,71
800,369,800
312,478,478
62,470,62
760,150,760
323,9,9
792,126,792
779,636,636
203,672,672
630,552,552
568,462,568
319,475,475
107,773,773
424,92,424
421,58,421
148,615,148
239,338,338
125,600,125
265,784,265
517,397,397
672,768,768
621,453,453
568,726,726
119,505,505
358,707,707
542,516,542
87,356,87
742,150,742
397,311,397
517,680,517
228,43,228
581,98,581
289,549,549
402,59,59
722,746,746
20,668,20
288,540,540
455,688,455
242,739,242
349,207,349
694,136,694
88,526,526
543,682,682
768,663,663
291,242,242
577,745,745
378,28,28
51,623,623
666,102,102
622,29,622
221,366,366
444,62,444
577,742,742
638,423,423
69,508,508
297,29,29
565,311,565
324,416,416
764,503,503
505,328,328
590,256,590
214,766,766
720,642,720
430,148,430
81,267,267
442,560,560
710,202,710
113,18,18
627,613,613
396,390,396
36,445,36
785,386,785
31,6,31
457,337,337
457,54,54
754,29,29
435,503,503
760,273,273
368,253,368
709,507,709
131,343,131
432,70,432
437,229,437
20,623,20
336,434,336
457,77,77
703,250,703
346,474,474
570,135,570
186,544,544
108,99,108
377,522,522
512,557,557
440,588,588
24,799,24
759,490,490
756,727,727
383,509,383
257,447,257
402,50,50
330,665,330
418,416,418
131,221,131
523,418,418
367,256,367
533,660,533
163,524,163
557,13,557
161,34,161
334,339,339
695,759,759
131,692,131
796,234,234
750,452,750
71,749,749
791,448,448
525,796,525
625,134,134
105,473,473
476,766,766
315,16,16
332,318,332
381,150,381
22,517,22
398,561,398
464,9,9
617,75,75
672,315,672
123,680,123
299,623,623
767,37,37
795,635,635
699,534,699
347,465,465
346,658,658
430,513,513
189,366,366
572,150,572
588,234,234
683,165,165
40,672,40
86,334,334
737,480,737
659,716,716
159,377,159
616,680,616
766,234,234
31,296,31
691,442,442
374,111,111
645,722,722
19,330,19
444,168,444
255,765,255
190,411,411
167,467,467
638,736,736
30,133,133
345,797,797
56,116,56
121,397,397
554,638,554
755,54,755
42,492,42
503,706,706
141,498,498
428,662,428
139,387,387
557,4,557
178,45,178
194,28,28
461,208,461
352,522,522
501,342,501
730,338,338
403,99,99
534,19,534
486,246,246
632,44,44
159,490,490
288,633,633
751,393,393
691,226,691
426,427,427
488,83,83
446,731,731
41,75,75
581,122,581
346,269,269
176,145,145
454,469,469
220,11,11
474,433,474
323,604,604
362,41,362
410,188,188
193,225,193
496,768,768
517,303,303
564,585,585
386,632,632
686,421,421
576,20,20
772,401,772
361,24,24
667,369,369
1,153,153
367,577,367
361,686,361
16,448,16
377,339,339
195,719,195
269,716,716
732,607,732
287,699,699
519,13,519
36,404,36
57,371,57
6,460,6
40,674,674
366,23,23
501,372,372
96,205,96
491,196,196
520,184,184
68,257,257
730,141,141
156,590,590
649,589,589
219,438,438
93,41,93
314,411,314
472,483,472
185,394,394
738,627,738
146,359,146
81,612,612
308,703,703
643,565,643
481,614,481
13,153,153
364,723,723
250,673,250
373,678,373
306,38,306
188,191,191
746,516,516
517,316,316
443,204,204
524,492,524
432,610,432
224,463,463
335,206,206
788,348,348
529,4,529
523,407,523
526,643,643
453,76,453
212,29,212
511,205,205
335,300,300
224,111,111
485,201,201
151,498,498
735,220,735
341,405,341
692,123,692
31,151,31
335,406,406
539,55,55
773,744,773
723,142,142
344,465,465
387,709,709
346,201,346
773,779,773
599,480,599
506,203,203
469,393,469
339,685,685
41,317,317
139,787,787
455,168,168
720,306,306
362,523,362
40,649,649
57,404,57
73,774,774
248,574,574
589,49,589
58,680,680
482,471,482
400,88,400
399,497,497
593,682,682
690,262,690
64,583,583
488,211,211
109,676,676
165,139,165
250,72,72
176,317,317
243,426,426
34,572,572
534,79,534
212,92,212
260,534,534
139,465,139
405,338,338
262,559,559
161,771,771
694,359,694
430,543,430
631,147,147
587,315,587
531,280,531
62,755,62
104,741,104
304,779,304
83,353,83
341,567,341
310,647,647
132,76,76
313,451,313
203,162,162
361,446,446
759,109,109
628,356,628
269,494,494
379,201,379
60,270,270
561,659,659
378,323,378
21,461,21
731,494,731
769,259,259
494,384,494
194,719,719
690,68,690
197,149,197
559,704,704
298,113,298
477,619,477
695,483,483
534,487,534
652,575,652
640,165,165
153,229,153
484,123,484
800,731,731
45,149,149
185,366,366
474,510,474
53,97,97
282,124,124
615,166,166
369,679,679
176,406,406
476,422,476
231,703,703
367,746,367
763,291,291
535,239,535
23,167,23
464,131,131
106,153,153
798,726,726
53,557,53
447,52,52
545,268,545
469,662,469
473,695,473
671,796,671
540,182,540
157,774,157
142,79,142
308,580,580
40,475,475
736,29,736
797,44,797
41,470,41
147,372,147
297,316,316
713,279,713
635,394,394
684,9,9
345,116,116
529,753,529
724,639,724
253,153,153
467,287,467
237,735,735
174,262,174
785,780,785
25,5,25
461,132,461
520,395,520
722,780,722
596,561,596
461,319,319
424,660,660
60,520,520
690,653,690
47,307,307
664,223,223
457,437,437
540,445,540
564,713,713
552,517,552
186,678,186
372,165,165
299,467,467
26,659,26
658,506,658
628,225,628
295,628,628
228,778,228
210,577,577
193,308,193
624,622,622
50,512,50
594,626,594
683,194,683
642,740,740
194,687,687
375,53,375
613,293,613
795,515,795
391,195,391
485,680,680
220,619,619
748,272,748
694,319,694
625,519,519
493,747,747
779,344,344
371,63,63
412,43,43
330,583,583
494,86,494
533,559,533
332,353,332
193,135,135
133,579,133
745,542,745
490,460,490
553,660,553
328,789,789
678,334,334
583,476,583
549,707,549
255,625,625
513,540,513
792,255,792
92,364,92
513,290,513
254,58,58
49,307,307
608,47,608
313,512,313
191,234,234
628,201,628
104,118,104
81,771,771
580,567,580
729,552,552
383,328,328
584,285,285
323,185,185
388,100,100
103,654,103
413,347,413
286,344,344
266,247,247
24,308,24
289,105,105
174,482,174
101,401,101
139,797,797
26,259,26
738,546,546
232,523,232
31,750,750
319,82,319
366,177,177
601,29,29
223,591,223
553,346,553
18,789,18
372,72,72
672,765,765
651,617,651
67,370,67
52,190,52
783,37,37
586,444,444
113,166,166
201,257,257
48,742,48
348,243,348
357,448,448
510,58,58
211,317,317
639,240,240
289,148,148
697,148,697
615,153,153
239,206,206
539,109,109
116,470,116
787,685,787
211,404,404
248,273,248
355,602,602
193,472,472
669,147,147
465,604,465
326,550,550
251,192,192
424,461,424
379,685,685
367,549,549
610,382,610
498,119,498
52,544,544
561,550,550
794,31,794
565,692,692
139,755,139
180,338,338
258,262,258
399,714,714
591,486,591
557,378,557
541,742,541
538,5,538
155,212,155
113,262,262
737,59,59
37,679,679
231,581,581
739,541,541
240,500,240
275,147,147
194,427,427
513,627,513
701,719,701
691,134,134
253,558,253
512,727,512
87,397,397
554,143,554
622,54,622
64,403,64
19,603,603
305,603,603
152,686,686
341,194,341
459,665,665
456,766,766
547,795,795
331,715,715
331,245,245
414,301,301
701,467,467
205,576,205
699,705,705
356,576,576
243,196,196
184,115,184
255,103,103
669,392,392
158,780,158
460,403,403
564,284,284
146,196,146
673,679,679
59,714,59
176,155,155
437,181,181
110,253,110
640,324,324
429,530,429
445,569,569
740,648,648
553,208,553
585,512,512
387,245,245
746,374,746
564,610,610
448,567,448
582,84,84
212,74,212
711,543,711
221,796,796
70,637,70
547,114,547
59,548,59
716,208,716
238,763,763
314,160,314
726,14,726
450,63,63
428,734,428
663,578,663
432,225,225
600,105,600
478,302,478
397,793,793
430,228,430
517,485,517
432,418,432
177,258,177
212,169,212
237,800,800
562,134,134
340,254,340
26,430,430
134,639,134
373,780,373
264,364,264
17,572,572
638,585,638
751,203,751
540,257,540
653,134,134
669,99,99
172,214,172
378,420,420
199,376,376
504,605,504
617,135,135
313,138,138
79,212,212
249,684,249
641,288,288
303,638,638
492,553,553
694,543,694
430,131,430
247,791,247
744,401,401
565,170,565
328,393,393
791,139,139
310,641,310
256,85,85
582,388,582
79,103,103
235,767,767
742,162,162
769,2,2
477,743,477
724,552,552
312,501,501
296,378,296
746,337,337
29,495,495
67,532,532
55,431,431
607,737,737
593,221,221
474,716,716
792,370,792
149,461,149
338,774,338
113,282,282
114,531,531
224,63,63
735,243,735
733,439,439
397,735,735
87,333,333
584,697,697
277,560,560
646,510,646
627,563,563
225,470,470
734,446,446
473,650,473
642,124,124
51,240,240
186,39,186
399,599,599
708,104,104
574,1,574
720,425,425
82,333,333
336,449,336
582,751,751
575,679,679
223,211,223
345,280,280
524,23,23
136,23,23
496,689,496
271,773,773
766,184,184
214,281,214
243,616,616
573,100,100
575,170,170
299,600,600
437,53,437
140,554,554
306,704,704
251,306,306
346,704,704
445,104,104
120,603,603
153,30,30
497,409,409
540,515,540
760,790,760
248,546,248
118,305,305
458,666,666
462,718,718
767,491,767
427,264,427
96,315,315
21,449,21
559,6,6
70,757,757
409,206,409
495,154,154
49,544,544
74,59,59
584,780,780
52,611,611
540,380,540
391,238,391
126,266,126
14,175,175
340,692,340
711,212,212
482,603,603
64,485,64
746,393,393
754,551,551
694,277,694
450,680,680
188,541,541
705,35,705
737,168,737
457,486,486
138,703,703
180,663,663
634,317,317
337,714,714
434,472,472
483,470,483
147,158,147
344,527,344
473,341,341
186,182,186
531,22,531
648,282,648
797,480,797
521,516,516
519,358,519
730,107,730
23,25,23
87,270,270
789,200,200
193,261,261
778,25,778
96,57,57
691,396,691
50,482,482
340,558,340
203,597,203
369,602,369
592,746,746
135,317,317
569,681,569
558,259,259
253,91,91
634,657,634
7,240,7
220,63,63
696,250,250
97,80,80
380,746,380
343,308,343
403,214,214
70,542,70
199,491,199
96,147,147
461,718,718
379,209,209
582,564,582
233,123,233
121,485,121
745,435,745
587,550,550
597,662,597
427,188,188
720,243,720
755,245,245
428,692,428
418,763,418
579,154,154
515,186,186
99,32,32
167,307,307
729,428,428
118,226,118
438,59,59
405,336,336
566,401,401
229,798,798
799,91,799
93,797,797
132,185,132
85,195,85
241,153,153
72,688,688
258,98,258
577,780,780
29,471,29
225,451,451
226,471,471
55,259,259
146,668,146
318,347,347
472,661,472
546,224,546
676,665,676
381,272,272
102,192,102
765,463,463
302,228,228
778,373,778
60,18,60
102,493,102
692,383,383
110,388,388
30,241,30
272,774,272
22,700,700
83,582,582
6,224,6
784,177,177
136,308,136
10,630,630
755,574,574
463,636,463
190,244,244
619,654,619
80,295,80
38,485,485
286,309,286
700,230,700
764,712,712
457,318,457
411,482,482
279,14,279
193,347,193
781,225,781
109,223,223
450,110,110
774,118,774
351,587,587
706,492,706
72,229,229
696,31,31
536,304,536
15,774,774
310,407,407
554,436,554
270,364,270
399,548,548
538,413,538
566,47,47
534,197,534
84,604,84
573,575,575
26,259,26
227,420,227
548,614,614
80,598,80
500,696,696
88,512,512
284,365,365
273,215,273
53,590,590
130,209,209
278,327,327
441,361,361
794,412,794
297,215,215
27,717,717
739,373,373
401,312,401
55,457,457
22,615,22
208,688,688
678,584,678
364,515,364
614,32,32
418,559,418
699,424,699
112,583,583
264,794,264
231,97,97
542,238,542
447,528,528
58,165,165
314,417,314
588,43,588
623,101,623
379,732,732
260,70,70
692,446,692
140,27,140
67,168,67
164,531,531
785,617,785
378,465,465
105,450,450
415,758,758
16,692,692
644,184,184
626,663,663
565,775,565
510,296,296
359,546,546
383,629,629
465,204,465
423,585,423
174,690,690
374,149,149
420,433,420
589,485,589
700,617,700
8,443,8
162,437,437
704,266,704
673,431,431
45,460,460
590,168,590
301,39,301
299,643,643
120,674,674
349,409,409
175,228,228
647,760,647
518,127,518
670,223,223
179,56,56
96,591,591
627,663,627
568,95,568
37,698,37
106,408,106
334,644,334
125,741,125
467,477,477
415,623,623
783,498,783
470,5,5
329,246,246
279,262,279
729,176,729
75,104,75
237,96,96
566,7,7
91,117,91
204,275,275
471,19,19
38,384,384
404,348,348
628,661,628
274,401,274
217,32,32
341,474,341
505,285,505
272,280,280
695,154,154
726,558,726
624,185,185
26,93,93
781,753,781
644,386,386
309,601,309
496,762,496
312,503,503
418,409,418
297,210,297
734,441,441
40,715,715
7,328,7
263,58,263
372,426,426
74,393,393
64,425,425
62,127,127
259,99,259
57,626,626
198,50,198
580,464,580
504,499,499
666,91,91
112,737,737
386,494,494
753,588,588
89,110,110
338,465,465
777,726,726
462,628,628
20,50,20
202,326,326
162,23,23
149,133,133
349,251,349
768,39,768
521,738,521
353,213,213
297,255,255
333,340,340
450,119,119
470,351,351
594,634,594
451,2,451
6,299,299
13,642,13
603,742,603
570,258,570
121,631,121
438,358,438
242,685,685
331,82,82
306,563,306
223,665,223
548,480,480
339,217,339
742,505,505
336,733,336
212,586,586
53,599,599
257,96,257
397,110,110
505,794,794
118,735,735
41,80,80
314,132,314
532,130,130
295,272,272
453,366,453
289,767,767
437,791,437
411,92,92
570,114,570
781,373,373
163,566,163
685,24,24
133,567,133
83,452,452
573,568,568
257,111,257
435,186,186
359,18,359
786,671,786
332,449,449
53,687,687
169,240,169
785,796,785
550,199,550
365,362,362
553,718,553
601,393,393
430,684,684
156,13,13
221,467,467
446,644,446
47,81,47
416,527,527
762,785,785
571,225,225
180,569,569
697,464,697
368,7,7
554,37,554
366,410,410
597,725,725
389,411,411
540,390,540
359,383,383
785,81,785
232,26,26
644,25,25
117,744,744
150,28,28
571,537,537
615,706,706
516,736,516
230,458,230
292,201,201
190,384,384
583,730,583
683,347,347
344,562,344
49,249,249
795,234,234
673,515,673
190,755,755
639,45,45
208,333,333
273,39,273
177,744,177
544,192,544
11,80,80
280,24,24
355,625,625
264,693,264
238,310,310
391,667,391
596,682,682
559,85,85
37,248,248
89,657,657
608,98,608
107,155,155
299,254,254
355,525,525
645,474,474
331,619,619
226,423,423
746,400,746
134,286,134
31,427,427
16,411,16
602,364,364
367,458,367
715,385,715
200,45,200
490,752,490
574,489,574
383,359,383
428,353,428
380,404,380
272,698,272
37,601,37
701,301,301
754,334,334
553,633,553
348,450,348
502,485,485
673,493,493
8,243,8
567,463,463
564,352,352
611,248,611
619,388,388
707,637,707
38,388,388
340,114,114
560,406,406
232,579,232
62,500,62
194,577,194
124,512,124
500,147,500
329,173,329
151,678,151
633,576,633
226,52,226
629,631,629
73,141,141
402,396,396
252,373,373
702,733,702
683,207,683
764,748,748
76,376,376
208,769,769
281,64,64
580,637,580
686,659,686
264,16,264
291,648,648
463,627,627
501,485,501
99,486,99
24,186,24
410,267,410
125,218,125
558,521,521
383,184,184
200,2,2
671,611,611
567,526,526
561,646,646
204,323,204
219,554,554
417,604,604
695,712,712
719,257,257
736,155,155
699,314,314
639,627,627
43,291,291
37,100,100
297,372,372
159,617,159
175,635,635
267,502,502
542,349,542
24,735,24
429,69,429
674,791,674
255,779,779
331,303,303
426,370,426
130,748,748
261,101,101
626,155,155
375,299,299
600,503,503
211,221,221
625,646,646
401,261,261
603,230,603
221,722,722
455,757,455
36,317,317
484,109,109
547,358,547
302,19,302
327,65,65
390,644,644
7,293,7
602,223,223
390,137,137
548,780,548
128,262,128
251,539,539
150,385,385
413,335,413
354,227,227
729,425,425
776,245,245
559,609,559
248,168,248
201,586,201
744,261,261
506,695,506
178,750,178
736,159,159
361,362,362
524,159,524
531,277,277
154,248,154
711,499,499
94,138,138
708,308,708
375,508,508
68,592,68
438,169,438
398,617,398
291,538,538
462,446,446
264,76,264
649,299,649
734,133,133
54,150,54
580,228,228
438,472,472
660,177,177
793,715,715
387,534,534
411,154,154
604,544,544
414,32,32
268,744,268
21,364,21
340,671,340
226,180,226
381,779,381
463,308,463
459,157,157
379,42,42
369,581,581
576,600,576
745,88,745
363,73,73
280,455,280
759,85,85
300,111,300
392,261,261
658,353,353
512,292,512
601,372,372
540,538,540
101,546,101
527,201,527
704,442,704
426,793,793
721,712,712
687,305,687
744,91,91
321,409,409
162,625,162
109,158,158
275,373,275
63,671,671
234,199,234
510,637,637
587,762,587
442,440,442
522,237,522
490,594,490
397,194,397
172,131,131
214,648,648
621,450,450
279,193,193
186,528,528
98,333,333
518,113,113
447,416,416
558,227,227
339,264,339
59,725,59
679,461,679
298,557,557
436,353,436
281,57,57
302,660,660
142,743,142
528,793,528
299,80,80
74,417,417
722,92,92
560,502,502
705,134,705
794,208,794
773,481,481
798,243,243
311,752,752
314,604,314
353,284,284
595,707,707
149,623,623
686,509,686
175,36,175
195,756,756
290,2,2
608,26,608
16,56,56
284,117,284
734,237,734
149,252,252
202,204,204
290,288,288
529,775,775
475,405,475
131,212,131
286,460,286
458,553,553
354,133,133
49,700,700
174,694,694
6,548,548
121,338,121
736,367,367
147,394,147
762,370,370
589,348,589
7,799,7
492,258,258
636,307,307
710,366,710
199,1,1
519,368,368
402,633,633
191,757,757
80,251,80
737,262,737
590,216,590
680,459,459
23,433,23
390,332,332
365,681,681
281,252,252
495,454,495
784,790,784
518,612,612
67,44,44
279,368,368
623,407,623
484,459,484
221,476,476
425,94,425
113,329,329
772,761,772
325,114,325
137,85,85
574,761,574
29,307,307
204,481,481
180,256,180
103,653,653
123,539,539
684,534,684
666,516,516
192,482,192
239,589,589
25,586,586
54,358,358
544,668,544
492,611,611
216,625,216
471,178,178
179,765,765
647,277,647
611,352,611
314,309,314
686,41,686
456,223,223
626,266,266
233,705,705
258,715,715
185,316,316
376,586,376
366,675,366
682,323,682
545,439,545
401,342,342
58,332,332
315,244,244
756,304,756
698,510,698
122,390,390
667,11,11
393,636,393
582,773,773
483,71,71
584,757,757
247,653,247
165,784,165
147,793,147
768,274,274
173,680,173
578,235,235
433,639,433
172,794,172
543,423,423
110,542,110
698,668,698
363,615,615
31,422,422
5,412,5
463,668,463
508,53,508
530,291,291
484,175,484
200,40,40
675,22,22
30,662,662
310,726,726
461,531,531
784,473,473
693,333,693
234,202,234
120,389,389
119,545,545
142,83,142
585,323,323
310,414,414
712,49,712
27,282,27
404,426,426
644,620,620
257,168,257
26,699,699
631,157,157
94,216,216
294,418,418
86,793,793
192,18,192
786,295,786
320,77,320
723,786,786
31,226,31
428,48,428
378,674,674
72,387,387
196,693,693
424,799,424
246,428,428
157,261,261
588,372,588
503,181,503
787,34,787
490,619,490
784,535,535
4,719,4
381,89,89
584,239,584
298,124,124
575,689,575
758,787,758
770,50,770
223,284,223
202,276,276
565,288,288
311,684,684
77,374,77
138,468,138
246,142,142
647,645,647
110,659,659
615,309,309
791,745,745
792,59,792
36,83,36
346,611,611
7,599,7
27,665,27
116,501,116
65,379,65
64,470,64
786,735,786
710,22,710
327,59,59
674,590,674
346,105,105
207,386,386
607,356,356
632,579,632
349,282,349
211,497,497
763,162,162
742,580,742
41,407,407
373,157,157
462,522,522
372,728,372
212,220,212
137,15,137
349,117,349
614,411,614
137,733,137
189,83,83
277,451,451
565,616,616
500,698,698
266,690,690
91,57,57
444,604,444
252,413,413
675,233,233
490,63,63
524,771,524
537,300,537
576,520,576
2,101,101
610,5,610
21,504,21
260,480,480
776,436,436
391,747,747
534,741,534
262,546,546
768,680,768
41,662,662
85,719,85
51,358,358
169,541,541
26,19,26
731,203,731
592,251,592
780,43,43
41,17,17
604,653,604
501,332,501
699,387,699
169,205,205
413,79,79
366,44,44
213,297,213
745,267,745
112,508,508
642,16,16
77,290,77
743,591,591
796,87,796
759,217,759
94,564,94
198,189,198
272,290,272
7,438,438
488,409,409
149,589,589
216,399,216
45,205,205
37,604,37
308,96,96
690,389,389
22,395,22
289,2,2
107,536,536
513,623,513
576,494,494
227,454,454
456,682,682
734,229,229
230,433,230
149,631,631
54,72,72
49,241,241
159,4,159
705,677,705
591,194,591
246,741,246
397,442,397
200,278,278
335,502,502
133,534,133
617,494,494
129,162,162
318,653,653
339,715,715
577,757,757
201,231,201
232,557,557
35,433,35
520,632,520
572,325,572
438,781,438
732,729,732
26,36,26
255,549,549
380,27,380
10,766,766
170,426,426
798,114,114
637,712,712
699,475,699
649,216,649
759,116,116
684,16,16
551,650,551
83,163,163
779,737,737
147,244,147
372,135,135
314,95,314
499,154,154
69,113,113
609,289,609
271,360,271
786,246,786
385,402,385
317,367,367
791,790,790
91,731,731
447,278,278
35,101,101
407,766,766
623,245,623
296,74,296
82,149,149
248,471,248
151,254,254
616,196,616
151,641,151
300,100,100
398,605,398
767,407,407
685,222,222
683,65,65
465,641,465
507,644,507
401,575,401
367,270,270
393,24,24
50,315,315
590,652,590
207,194,194
94,729,729
400,508,508
284,34,284
739,126,126
317,56,56
193,685,193
562,520,520
113,439,439
409,588,588
414,264,414
376,578,376
293,216,216
502,361,361
231,170,170
367,326,367
649,671,649
678,244,244
592,517,517
445,217,217
706,41,706
622,303,303
463,80,80
204,323,204
628,719,628
576,361,576
555,142,142
235,600,600
55,228,55
749,587,587
472,69,472
526,728,526
705,383,705
501,302,501
411,56,56
551,136,551
182,407,407
687,617,687
547,122,547
147,700,147
318,533,533
242,709,709
710,448,710
79,213,79
237,592,592
369,129,129
253,746,746
2,609,2
494,678,494
450,554,554
68,788,68
462,272,272
18,350,350
415,411,415
115,145,115
535,94,535
11,608,608
571,54,571
129,480,480
610,588,588
595,715,715
177,485,177
52,482,482
223,788,223
793,772,772
658,613,658
692,60,692
763,640,763
726,113,726
371,7,7
727,316,316
793,621,793
448,231,448
130,286,130
184,440,184
13,166,166
489,436,436
424,204,424
160,455,455
103,149,149
355,109,355
407,604,604
695,594,594
719,200,200
93,443,93
502,529,502
298,28,28
521,577,521
654,715,654
432,57,432
697,133,133
332,524,524
510,794,794
311,243,311
309,624,309
758,162,162
50,696,696
104,130,130
394,630,394
125,404,125
323,333,333
76,584,76
466,503,503
232,738,232
319,62,62
592,115,115
224,13,13
261,394,394
455,52,455
178,260,260
80,617,80
98,754,98
211,270,270
294,616,616
487,692,692
487,353,487
169,244,169
732,211,732
216,319,319
399,285,285
128,669,128
282,724,724
674,145,674
77,292,77
576,215,576
230,208,230
788,326,326
681,41,681
325,628,628
755,493,755
301,713,301
404,187,187
28,410,410
10,581,581
50,139,139
278,431,431
644,636,636
4,265,265
39,228,228
50,207,50
308,606,606
431,617,431
164,757,757
767,571,571
634,742,634
623,42,623
114,451,114
289,798,798
332,744,744
265,354,265
640,434,434
521,553,553
22,465,465
675,360,675
168,226,168
233,314,314
576,676,576
281,557,557
779,571,571
408,108,108
193,632,632
151,197,151
599,761,599
625,77,77
695,597,597
89,102,89
353,170,170
140,707,707
703,316,316
664,597,597
669,434,434
604,411,604
214,231,214
682,329,682
95,192,192
625,410,410
228,665,228
108,570,570
247,75,247
256,552,552
283,331,283
638,440,638
671,783,671
627,52,627
542,582,542
622,584,622
598,50,598
431,405,431
679,175,679
692,301,301
382,208,208
654,287,287
100,416,100
622,296,296
719,425,425
790,526,526
253,141,141
306,438,438
59,22,59
364,466,466
455,685,685
84,44,44
517,785,785
211,352,352
329,568,568
657,263,263
388,404,388
372,148,148
153,406,406
470,370,370
54,153,153
487,248,248
620,599,599
161,634,634
736,82,82
527,330,527
797,431,797
6,288,288
790,346,346
169,41,169
488,621,621
389,791,791
572,461,572
550,214,550
276,377,276
163,680,163
600,44,44
788,652,788
630,121,121
704,156,704
463,3,3
61,509,61
565,160,565
149,456,149
712,752,712
771,687,687
439,175,175
485,112,112
171,793,793
649,204,649
743,288,288
272,381,272
356,74,74
784,131,131
439,490,490
439,36,36
220,53,53
59,487,487
657,260,260
507,302,302
522,73,522
344,416,344
353,230,230
465,241,465
253,462,462
22,640,22
131,214,131
38,542,542
141,483,141
346,89,89
8,559,8
48,108,48
114,75,75
536,25,536
558,453,453
225,644,225
677,632,677
193,773,773
711,312,711
529,83,83
800,54,800
276,768,276
687,195,687
465,122,465
788,610,610
643,317,643
261,14,261
414,72,72
460,412,412
31,275,275
167,316,316
413,445,413
299,105,299
2,788,2
410,330,410
670,89,670
334,470,334
376,786,786
568,89,568
654,444,444
352,354,352
612,13,13
96,384,384
521,437,521
553,160,553
31,14,31
719,338,338
565,586,586
646,161,646
769,130,130
118,456,118
287,423,423
671,455,671
369,544,544
369,317,317
583,517,583
792,635,792
638,507,507
191,209,209
539,135,135
27,360,360
40,467,467
294,305,305
561,299,299
650,387,387
257,390,390
420,529,420
519,621,519
581,40,581
198,339,339
449,304,449
191,11,11
160,402,160
5,69,69
334,711,711
642,509,642
785,194,785
696,20,20
91,447,91
196,644,196
104,501,501
196,431,431
702,34,702
187,501,501
409,480,409
689,32,32
318,211,211
267,120,267
592,566,566
716,194,716
185,675,185
299,11,299
219,586,586
335,800,800
412,283,283
269,250,250
696,416,696
610,676,610
506,760,760
298,316,316
672,97,672
547,107,547
42,732,732
634,452,634
305,215,305
393,2,393
215,348,348
212,342,212
460,267,267
635,361,635
428,385,428
92,151,92
768,310,768
478,250,478
652,158,158
410,494,410
522,384,522
81,534,534
246,715,715
519,7,7
299,722,299
226,4,4
558,764,764
233,229,233
789,736,736
312,215,215
495,604,495
127,680,127
182,592,592
133,768,133
624,541,541
438,267,438
546,596,546
538,484,538
83,294,83
194,765,765
170,149,170
444,456,444
445,277,277
744,675,744
58,380,58
152,671,671
302,259,259
702,313,702
428,6,428
477,176,477
319,249,249
253,519,519
533,679,679
692,665,692
191,277,277
524,159,524
500,518,500
721,617,721
32,732,732
129,722,129
85,230,85
663,752,752
30,715,715
489,203,203
14,732,732
45,738,738
800,153,153
797,20,20
742,541,541
373,443,443
128,304,128
546,475,475
574,614,574
421,567,421
216,45,45
207,318,207
768,359,768
645,715,715
569,784,569
622,432,622
700,359,700
187,241,187
88,366,366
275,312,275
683,619,619
683,583,583
180,631,631
28,148,28
781,92,92
484,661,661
3,339,339
61,241,61
249,22,249
675,395,675
49,674,674
335,115,115
9,567,9
463,386,463
763,654,654
601,721,721
376,740,740
142,296,142
193,300,193
8,377,8
323,365,365
238,755,755
76,666,666
758,334,758
668,30,30
499,794,499
533,10,533
482,752,752
672,263,263
564,145,145
675,407,407
533,638,533
434,400,400
669,406,406
601,471,601
92,731,731
433,329,329
123,763,123
277,530,530
399,431,431
361,283,361
248,297,248
268,745,745
4,555,4
303,490,490
403,317,317
414,11,414
670,510,670
560,745,745
418,493,418
734,550,550
708,211,211
193,500,193
4,489,4
470,284,284
574,281,574
415,128,128
498,420,420
768,317,768
681,287,681
279,255,279
579,157,157
579,724,724
673,241,673
198,121,198
51,218,51
536,629,629
737,52,737
168,118,168
42,508,508
763,58,58
320,609,320
280,527,280
696,794,794
455,536,536
352,531,531
446,332,446
780,170,170
222,535,535
565,208,565
271,524,524
539,37,539
320,125,125
102,212,212
754,636,636
270,777,270
65,470,65
468,351,351
24,705,24
481,95,481
313,629,629
689,154,154
725,697,697
672,169,169
366,544,544
83,314,314
162,741,162
447,750,750
624,542,542
653,178,178
690,81,690
390,478,478
415,464,415
640,312,312
223,774,223
551,490,551
785,650,785
388,321,388
365,393,393
633,654,654
308,648,648
530,255,255
331,680,680
356,526,526
798,700,700
674,206,674
383,410,410
44,603,44
116,133,133
795,317,795
147,28,147
386,305,305
794,299,794
473,619,473
184,120,120
511,431,431
633,641,633
291,72,72
79,77,79
176,203,203
363,416,416
779,55,55
133,337,133
279,601,279
264,13,264
213,466,466
257,215,257
758,146,758
86,499,499
295,372,372
501,716,716
408,219,219
647,327,647
360,111,111
560,639,560
597,442,442
404,607,607
219,377,219
293,770,293
631,719,631
211,779,779
620,442,442
76,329,329
333,155,333
679,81,679
541,636,541
501,781,781
631,524,524
123,607,607
610,725,610
540,406,540
80,480,80
790,31,790
611,731,611
167,625,167
388,587,388
25,170,25
405,281,405
762,784,762
683,520,520
147,797,147
654,383,383
161,505,505
89,295,295
503,240,503
709,533,709
113,589,589
130,349,349
525,333,525
612,699,699
621,774,774
704,430,430
230,173,230
40,614,614
229,133,133
215,495,495
42,634,634
751,339,339
485,140,485
600,415,600
20,379,20
264,345,264
529,456,529
176,579,579
331,159,159
522,548,522
51,500,51
433,656,656
37,664,37
497,202,202
207,339,339
723,3,3
408,372,372
643,647,643
21,381,21
369,611,611
766,206,766
248,444,444
256,582,582
347,574,574
645,609,645
736,626,626
163,272,163
327,447,447
564,319,319
353,646,646
507,478,478
45,83,83
38,765,765
185,216,216
568,464,568
128,464,128
143,508,508
190,362,362
731,434,731
581,75,581
433,362,362
489,68,68
649,41,649
506,231,506
756,692,692
594,63,63
272,560,272
83,555,555
611,115,611
116,606,606
587,378,587
133,384,133
646,435,646
115,418,418
649,645,649
758,169,169
568,465,465
41,11,11
604,742,742
191,226,191
388,660,388
154,13,154
518,417,518
585,137,137
217,487,217
103,163,163
681,429,429
696,484,484
616,282,616
53,601,601
716,542,542
220,500,500
413,193,193
508,497,508
690,310,690
198,163,163
83,764,764
44,515,44
347,713,713
283,562,562
692,17,692
387,647,647
638,466,466
577,609,609
24,93,24
142,45,142
238,367,367
603,190,603
455,71,455
257,695,257
349,358,349
457,95,95
769,107,107
345,764,345
658,312,658
605,7,7
2,348,348
369,590,590
683,125,125
99,139,139
40,747,747
638,602,638
252,387,387
193,422,193
675,763,763
170,724,724
637,364,364
535,205,205
452,374,452
349,799,349
222,60,60
793,575,793
330,142,142
307,667,307
333,368,368
574,565,574
261,221,261
498,141,498
514,559,514
126,760,760
732,309,732
733,491,491
70,766,766
681,113,681
259,47,259
175,740,175
319,634,634
201,237,201
779,176,176
111,112,112
675,747,747
24,509,24
213,65,65
376,663,663
776,499,499
179,16,16
437,521,521
441,581,581
85,678,85
51,769,51
662,162,162
102,573,102
272,763,272
381,601,381
616,72,72
318,402,402
425,527,425
58,75,75
276,79,276
101,291,101
564,692,692
265,752,752
597,711,711
44,703,703
499,391,499
64,14,64
82,615,615
360,301,301
620,363,620
609,186,186
515,221,515
249,408,249
600,230,600
544,565,544
238,708,708
202,382,382
270,389,270
707,702,702
36,83,36
410,649,410
400,265,265
399,651,399
717,337,717
563,608,608
1,194,1
185,774,185
750,773,773
501,789,501
544,120,544
575,437,437
663,491,663
589,345,589
178,284,178
415,248,248
537,454,537
549,62,549
690,489,690
348,32,32
504,27,27
787,530,787
303,415,303
79,4,4
409,336,409
570,31,570
697,730,697
115,455,115
19,695,19
736,110,110
284,335,284
36,95,95
107,745,745
718,786,786
453,482,453
642,145,145
676,783,676
553,476,553
698,58,58
586,102,586
580,550,550
6,543,6
230,259,259
731,67,67
147,661,147
681,309,681
625,257,257
264,521,264
96,352,352
724,732,732
148,184,184
694,750,694
626,708,708
70,424,70
745,403,745
286,647,647
294,291,291
632,610,610
241,609,241
268,694,694
574,234,234
662,523,523
277,675,277
14,92,92
152,303,303
9,124,9
397,328,328
708,472,472
334,433,334
530,600,600
362,686,362
410,429,429
389,458,458
285,552,552
118,397,397
364,246,246
582,792,792
111,430,430
551,250,551
411,2,2
164,409,164
335,785,785
383,433,383
564,527,527
96,221,221
67,444,444
44,456,44
681,686,681
249,477,477
68,27,27
106,266,106
238,500,500
750,365,365
305,697,697
603,83,603
444,17,444
43,304,43
268,777,777
56,273,56
254,640,254
770,242,242
489,568,568
499,200,499
137,231,137
386,450,450
487,96,96
279,447,279
279,721,279
258,657,657
49,197,197
756,345,756
79,58,58
592,775,592
94,141,141
477,749,749
281,437,437
444,441,444
132,185,132
8,444,444
348,408,348
474,741,474
683,244,244
176,109,109
485,432,432
689,396,689
611,436,611
363,770,770
404,374,404
136,666,136
586,738,586
233,757,233
421,602,421
53,498,498
314,215,314
43,263,263
610,544,544
779,679,679
275,174,275
440,647,647
668,438,438
136,767,136
508,230,508
557,373,557
557,63,557
380,569,380
448,50,448
292,255,292
571,116,116
491,143,143
607,334,334
356,372,372
547,642,547
219,756,219
416,324,416
420,117,420
440,321,440
633,712,633
795,425,795
282,491,282
381,648,381
587,154,154
763,35,763
602,299,299
407,324,407
538,450,538
544,110,110
598,197,598
658,14,658
724,270,270
603,71,71
436,401,401
499,761,499
422,441,422
186,602,186
690,641,690
217,413,413
163,207,163
791,512,512
106,421,421
351,312,351
600,213,600
3,786,786
560,142,142
437,162,437
549,526,549
389,598,598
213,303,303
177,729,177
96,595,595
645,413,413
761,421,421
546,411,546
577,21,21
502,731,731
243,374,243
31,296,31
781,664,664
502,520,520
627,127,127
96,800,800
554,244,554
121,792,792
521,621,521
774,368,368
228,301,301
424,387,424
235,52,235
75,287,287
728,47,728
647,412,647
519,187,519
82,692,692
439,776,776
76,678,76
793,425,793
669,40,40
357,629,629
301,34,301
395,87,87
355,626,626
377,146,377
493,362,362
2,190,2
238,493,493
282,592,592
213,641,213
664,528,528
527,185,527
204,467,467
700,51,700
799,82,799
310,570,570
172,132,172
466,558,466
113,427,427
645,392,392
596,580,580
404,91,91
289,673,673
470,231,470
727,502,727
58,391,58
139,201,139
257,385,257
469,133,133
489,224,224
635,352,635
648,300,648
790,324,324
792,89,792
584,168,168
695,170,170
641,679,679
300,62,300
664,494,494
298,563,563
17,573,573
379,51,51
606,770,606
570,17,570
794,307,307
452,9,9
602,168,168
267,339,339
13,634,13
53,290,53
191,768,768
447,35,35
569,149,569
507,460,507
342,464,342
83,679,83
791,347,347
251,86,251
315,676,676
361,487,361
225,779,779
301,794,301
558,45,558
49,147,147
338,730,338
217,336,336
653,494,494
41,696,696
670,275,275
458,84,84
555,559,555
307,25,307
519,657,519
431,268,431
727,482,727
641,192,192
190,257,257
532,619,532
199,21,21
795,438,438
690,53,690
306,301,301
292,534,534
52,630,630
558,292,558
577,342,342
725,47,725
718,531,531
13,695,13
304,321,304
480,259,259
227,627,227
223,714,714
282,324,282
135,130,135
190,142,142
130,394,394
157,727,727
198,421,421
272,361,272
73,553,553
228,533,533
584,679,679
129,50,129
9,148,9
305,451,451
190,742,742
637,193,193
93,15,93
740,347,740
282,604,604
134,688,134
203,512,512
72,126,72
278,726,726
656,333,656
28,157,28
329,197,329
589,42,589
320,353,320
104,725,725
347,535,535
268,673,673
38,576,576
293,641,293
773,223,223
691,372,372
188,61,61
412,737,737
720,640,720
633,225,633
501,723,723
786,787,786
394,427,427
798,214,214
347,4,4
71,381,381
57,730,57
449,344,344
157,796,157
637,798,798
244,653,244
624,98,98
366,94,366
652,202,202
152,371,371
700,602,700
499,490,499
505,435,505
415,776,776
150,635,635
462,345,462
468,525,525
689,265,265
120,116,116
410,304,410
263,374,263
682,617,682
285,692,692
750,276,276
405,57,405
771,455,771
91,560,560
569,112,569
486,392,392
432,761,432
399,110,110
161,213,161
757,211,757
214,620,620
40,93,93
202,717,717
72,105,72
54,785,785
664,133,133
313,141,313
73,202,202
559,201,559
228,646,228
72,193,72
102,382,102
304,81,81
510,309,309
742,684,684
678,572,572
527,403,527
192,392,192
250,732,732
664,540,540
39,401,401
412,157,157
194,214,214
529,187,187
327,560,327
112,331,112
187,189,187
365,526,526
315,580,580
143,153,153
736,191,736
429,552,429
254,146,254
418,137,418
747,423,747
115,343,115
611,757,611
277,324,277
260,195,260
37,354,37
198,296,296
348,494,494
152,263,263
346,341,341
438,615,438
724,564,724
61,783,61
380,399,380
787,739,787
378,3,3
401,135,135
287,724,724
108,203,108
668,110,110
674,239,674
49,377,377
373,650,650
643,672,643
709,592,709
125,757,125
167,199,167
146,725,725
163,711,163
143,379,143
435,599,435
110,674,110
445,18,18
654,189,654
406,83,83
704,527,704
439,622,622
55,625,55
124,532,532
129,20,20
272,729,272
22,701,701
711,240,711
330,349,349
478,537,478
202,85,85
621,688,688
179,595,179
186,579,186
672,214,214
559,636,559
694,165,165
348,223,223
333,477,477
329,609,329
724,487,487
557,97,97
81,278,278
543,314,314
101,632,101
325,624,624
594,407,407
666,751,751
661,470,470
567,360,567
397,520,520
344,104,344
688,394,394
326,559,326
131,590,131
498,654,498
599,682,682
488,432,432
251,89,89
235,576,576
9,483,9
506,679,679
345,568,568
232,591,232
386,504,504
340,274,340
510,307,307
238,249,249
105,587,587
702,704,704
324,400,400
674,719,674
427,208,427
729,589,729
585,261,585
9,423,9
691,493,691
231,156,156
179,390,390
713,123,713
737,730,737
268,723,723
26,648,26
339,351,339
296,304,296
384,731,731
228,9,9
433,234,234
57,493,57
263,62,263
27,691,27
209,69,209
253,178,253
11,261,261
772,320,772
344,138,138
223,58,58
640,194,194
362,217,362
158,191,158
460,747,747
110,433,433
519,108,519
379,628,628
166,27,166
303,497,303
698,132,132
444,177,444
286,634,634
749,302,302
522,136,522
359,386,386
669,593,669
389,613,613
311,513,513
568,416,568
177,763,177
261,725,261
